{"cameraMode":{"drawMode":0,"name":"Shaded","section":"Shading Mode"},"sceneLighting":true,"audioPlay":false,"sceneViewState":{"m_AlwaysRefresh":false,"showFog":true,"showSkybox":true,"showFlares":true,"showImageEffects":true,"showParticleSystems":true,"showVisualEffectGraphs":true,"m_FxEnabled":true},"in2DMode":false,"pivot":{"x":-0.6394770741462708,"y":1.3459608554840088,"z":0.04984331130981445},"rotation":{"x":0.052467554807662967,"y":0.01827121526002884,"z":-0.0009607870015315712,"w":0.9984672665596008},"size":1.5982913970947266,"orthographic":true}