{"cameraMode":{"drawMode":0,"name":"Shaded","section":"Shading Mode"},"sceneLighting":true,"audioPlay":false,"sceneViewState":{"m_AlwaysRefresh":false,"showFog":true,"showSkybox":true,"showFlares":true,"showImageEffects":true,"showParticleSystems":true,"showVisualEffectGraphs":true,"m_FxEnabled":true},"in2DMode":false,"pivot":{"x":-0.6394770741462708,"y":1.3459608554840088,"z":0.04984331130981445},"rotation":{"x":0.11581176519393921,"y":0.8495424389839172,"z":-0.2092483937740326,"w":0.4701925218105316},"size":1.7775079011917115,"orthographic":true}